acc,edit,f1s@0.1,f1s@0.25,f1s@0.5
80.6475529207379,70.65895138688396,77.41846317440762,74.8788201883559,67.71282451388666
